"tcg","editionCode","editionName","cardCode","cardName","cardNumber","rarity","tags","imageUrl","condition","quantity","referencePrice","marginMultiplier"
"YUGIOH","BPRO","Burst Protocol","674802","Rokket Loader","BPRO-EN001","Ultra Rare","","https://tcgplayer-cdn.tcgplayer.com/product/674802_200w.jpg","NM","0","5.19","1"
"YUGIOH","BPRO","Burst Protocol","674764","Rokket Loader (Starlight Rare)","BPRO-EN001","Starlight Rare","","https://tcgplayer-cdn.tcgplayer.com/product/674764_200w.jpg","NM","0","39.07","1"
"YUGIOH","BPRO","Burst Protocol","674723","Hollowrokket Dragon","BPRO-EN002","Common","","https://tcgplayer-cdn.tcgplayer.com/product/674723_200w.jpg","NM","0","0.11","1"
"YUGIOH","BPRO","Burst Protocol","674733","Rokket Detonator","BPRO-EN003","Common","","https://tcgplayer-cdn.tcgplayer.com/product/674733_200w.jpg","NM","0","0.19","1"
"YUGIOH","BPRO","Burst Protocol","674790","Tellusion the Magna Warrior","BPRO-EN004","Super Rare","","https://tcgplayer-cdn.tcgplayer.com/product/674790_200w.jpg","NM","0","0.29","1"
"YUGIOH","BPRO","Burst Protocol","674727","Magnet Warrior Sigma Plus","BPRO-EN005","Common","","https://tcgplayer-cdn.tcgplayer.com/product/674727_200w.jpg","NM","0","0.21","1"
"YUGIOH","BPRO","Burst Protocol","674726","Magnet Warrior Sigma Minus","BPRO-EN006","Common","","https://tcgplayer-cdn.tcgplayer.com/product/674726_200w.jpg","NM","0","0.18","1"
"YUGIOH","BPRO","Burst Protocol","674785","Junk Warrior/Assault Mode","BPRO-EN007","Super Rare","","https://tcgplayer-cdn.tcgplayer.com/product/674785_200w.jpg","NM","0","0.22","1"
"YUGIOH","BPRO","Burst Protocol","674774","Crimson Blader/Assault Mode","BPRO-EN008","Super Rare","","https://tcgplayer-cdn.tcgplayer.com/product/674774_200w.jpg","NM","0","0.2","1"
"YUGIOH","BPRO","Burst Protocol","674742","Elfnote Lucina","BPRO-EN010","Secret Rare","","https://tcgplayer-cdn.tcgplayer.com/product/674742_200w.jpg","NM","0","41.02","1"
"YUGIOH","BPRO","Burst Protocol","674753","Elfnote Lucina (Starlight Rare)","BPRO-EN010","Starlight Rare","","https://tcgplayer-cdn.tcgplayer.com/product/674753_200w.jpg","NM","0","92.6","1"
"YUGIOH","BPRO","Burst Protocol","674796","Elfnote Tinia","BPRO-EN011","Ultra Rare","","https://tcgplayer-cdn.tcgplayer.com/product/674796_200w.jpg","NM","0","11.5","1"
"YUGIOH","BPRO","Burst Protocol","674755","Elfnote Tinia (Starlight Rare)","BPRO-EN011","Starlight Rare","","https://tcgplayer-cdn.tcgplayer.com/product/674755_200w.jpg","NM","0","55.21","1"
"YUGIOH","BPRO","Burst Protocol","674776","Elfnote Fortuna","BPRO-EN012","Super Rare","","https://tcgplayer-cdn.tcgplayer.com/product/674776_200w.jpg","NM","0","0.28","1"
"YUGIOH","BPRO","Burst Protocol","674777","Elfnote Power Patron","BPRO-EN013","Super Rare","","https://tcgplayer-cdn.tcgplayer.com/product/674777_200w.jpg","NM","0","0.27","1"
"YUGIOH","BPRO","Burst Protocol","674803","Royal Archfiend","BPRO-EN014","Ultra Rare","","https://tcgplayer-cdn.tcgplayer.com/product/674803_200w.jpg","NM","0","0.79","1"
"YUGIOH","BPRO","Burst Protocol","674765","Royal Archfiend (Starlight Rare)","BPRO-EN014","Starlight Rare","","https://tcgplayer-cdn.tcgplayer.com/product/674765_200w.jpg","NM","0","13.83","1"
"YUGIOH","BPRO","Burst Protocol","674712","Duke Archfiend","BPRO-EN015","Common","","https://tcgplayer-cdn.tcgplayer.com/product/674712_200w.jpg","NM","0","0.15","1"
"YUGIOH","BPRO","Burst Protocol","674783","Highness Archfiend","BPRO-EN016","Super Rare","","https://tcgplayer-cdn.tcgplayer.com/product/674783_200w.jpg","NM","0","0.23","1"
"YUGIOH","BPRO","Burst Protocol","675335","Rex, Ride Fur Hire","BPRO-EN017","Super Rare","","https://tcgplayer-cdn.tcgplayer.com/product/675335_200w.jpg","NM","0","0.25","1"
"YUGIOH","BPRO","Burst Protocol","674709","Darklord Gulgolet","BPRO-EN018","Common","","https://tcgplayer-cdn.tcgplayer.com/product/674709_200w.jpg","NM","0","0.25","1"
"YUGIOH","BPRO","Burst Protocol","674775","Darklord Djehuty","BPRO-EN019","Super Rare","","https://tcgplayer-cdn.tcgplayer.com/product/674775_200w.jpg","NM","0","0.28","1"
"YUGIOH","BPRO","Burst Protocol","674738","Vic Viper Type-L","BPRO-EN020","Common","","https://tcgplayer-cdn.tcgplayer.com/product/674738_200w.jpg","NM","0","0.08","1"
"YUGIOH","BPRO","Burst Protocol","674770","B.E.S. Derringer Core","BPRO-EN021","Super Rare","","https://tcgplayer-cdn.tcgplayer.com/product/674770_200w.jpg","NM","0","0.14","1"
"YUGIOH","BPRO","Burst Protocol","674789","Super B.E.S. Metal Slave","BPRO-EN022","Super Rare","","https://tcgplayer-cdn.tcgplayer.com/product/674789_200w.jpg","NM","0","0.17","1"
"YUGIOH","BPRO","Burst Protocol","674801","Rescue-ACE Quick Attacker","BPRO-EN023","Ultra Rare","","https://tcgplayer-cdn.tcgplayer.com/product/674801_200w.jpg","NM","0","0.58","1"
"YUGIOH","BPRO","Burst Protocol","674763","Rescue-ACE Quick Attacker (Starlight Rare)","BPRO-EN023","Starlight Rare","","https://tcgplayer-cdn.tcgplayer.com/product/674763_200w.jpg","NM","0","13.77","1"
"YUGIOH","BPRO","Burst Protocol","674743","Fallen of the White Dragon","BPRO-EN024","Secret Rare","","https://tcgplayer-cdn.tcgplayer.com/product/674743_200w.jpg","NM","0","59.16","1"
"YUGIOH","BPRO","Burst Protocol","674757","Fallen of the White Dragon (Starlight Rare)","BPRO-EN024","Starlight Rare","","https://tcgplayer-cdn.tcgplayer.com/product/674757_200w.jpg","NM","0","166.8","1"
"YUGIOH","BPRO","Burst Protocol","674748","Tri-Brigade Springans Kitt","BPRO-EN025","Secret Rare","","https://tcgplayer-cdn.tcgplayer.com/product/674748_200w.jpg","NM","0","7.68","1"
"YUGIOH","BPRO","Burst Protocol","674768","Tri-Brigade Springans Kitt (Starlight Rare)","BPRO-EN025","Starlight Rare","","https://tcgplayer-cdn.tcgplayer.com/product/674768_200w.jpg","NM","0","30.86","1"
"YUGIOH","BPRO","Burst Protocol","675324","Derk, Longing for the Blue Skies","BPRO-EN026","Common","","https://tcgplayer-cdn.tcgplayer.com/product/675324_200w.jpg","NM","0","0.08","1"
"YUGIOH","BPRO","Burst Protocol","675338","Shiina, Twin Tempests of Celestial Thunder","BPRO-EN027","Secret Rare","","https://tcgplayer-cdn.tcgplayer.com/product/675338_200w.jpg","NM","0","10.16","1"
"YUGIOH","BPRO","Burst Protocol","675339","Shiina, Twin Tempests of Celestial Thunder (Starlight Rare)","BPRO-EN027","Starlight Rare","","https://tcgplayer-cdn.tcgplayer.com/product/675339_200w.jpg","NM","0","39.43","1"
"YUGIOH","BPRO","Burst Protocol","674717","Fist Armed Dragon","BPRO-EN028","Common","","https://tcgplayer-cdn.tcgplayer.com/product/674717_200w.jpg","NM","0","0.15","1"
"YUGIOH","BPRO","Burst Protocol","675341","WAKE CUP! Earl","BPRO-EN029","Common","","https://tcgplayer-cdn.tcgplayer.com/product/675341_200w.jpg","NM","0","0.08","1"
"YUGIOH","BPRO","Burst Protocol","674716","First Penguin","BPRO-EN030","Common","","https://tcgplayer-cdn.tcgplayer.com/product/674716_200w.jpg","NM","0","0.19","1"
"YUGIOH","BPRO","Burst Protocol","674793","Archfiend Emperor","BPRO-EN031","Ultra Rare","","https://tcgplayer-cdn.tcgplayer.com/product/674793_200w.jpg","NM","0","0.34","1"
"YUGIOH","BPRO","Burst Protocol","674749","Archfiend Emperor (Starlight Rare)","BPRO-EN031","Starlight Rare","","https://tcgplayer-cdn.tcgplayer.com/product/674749_200w.jpg","NM","0","7.95","1"
"YUGIOH","BPRO","Burst Protocol","674772","Borreload Fatalflare Dragon","BPRO-EN032","Super Rare","","https://tcgplayer-cdn.tcgplayer.com/product/674772_200w.jpg","NM","0","0.26","1"
"YUGIOH","BPRO","Burst Protocol","674707","D/D/D Alfred the Divine Sage King","BPRO-EN033","Common","","https://tcgplayer-cdn.tcgplayer.com/product/674707_200w.jpg","NM","0","0.17","1"
"YUGIOH","BPRO","Burst Protocol","675323","Conduction Warrior Plasma Magnum","BPRO-EN034","Super Rare","","https://tcgplayer-cdn.tcgplayer.com/product/675323_200w.jpg","NM","0","0.41","1"
"YUGIOH","BPRO","Burst Protocol","675321","Artmage Non-Finito","BPRO-EN035","Ultra Rare","","https://tcgplayer-cdn.tcgplayer.com/product/675321_200w.jpg","NM","0","0.54","1"
"YUGIOH","BPRO","Burst Protocol","675322","Artmage Non-Finito (Starlight Rare)","BPRO-EN035","Starlight Rare","","https://tcgplayer-cdn.tcgplayer.com/product/675322_200w.jpg","NM","0","16.94","1"
"YUGIOH","BPRO","Burst Protocol","674740","Darklord Eveningstar","BPRO-EN036","Secret Rare","","https://tcgplayer-cdn.tcgplayer.com/product/674740_200w.jpg","NM","0","6.68","1"
"YUGIOH","BPRO","Burst Protocol","674751","Darklord Eveningstar (Starlight Rare)","BPRO-EN036","Starlight Rare","","https://tcgplayer-cdn.tcgplayer.com/product/674751_200w.jpg","NM","0","27.81","1"
"YUGIOH","BPRO","Burst Protocol","675326","Dracotail Shaulas","BPRO-EN037","Ultra Rare","","https://tcgplayer-cdn.tcgplayer.com/product/675326_200w.jpg","NM","0","0.54","1"
"YUGIOH","BPRO","Burst Protocol","675327","Dracotail Shaulas (Starlight Rare)","BPRO-EN037","Starlight Rare","","https://tcgplayer-cdn.tcgplayer.com/product/675327_200w.jpg","NM","0","18.3","1"
"YUGIOH","BPRO","Burst Protocol","675331","Nightwinged Cleric","BPRO-EN038","Super Rare","","https://tcgplayer-cdn.tcgplayer.com/product/675331_200w.jpg","NM","0","0.26","1"
"YUGIOH","BPRO","Burst Protocol","674786","Junora the Power Patron of Tuning","BPRO-EN039","Super Rare","","https://tcgplayer-cdn.tcgplayer.com/product/674786_200w.jpg","NM","0","0.26","1"
"YUGIOH","BPRO","Burst Protocol","674795","Elfnote Seraphim Strelitzia","BPRO-EN040","Ultra Rare","","https://tcgplayer-cdn.tcgplayer.com/product/674795_200w.jpg","NM","0","0.56","1"
"YUGIOH","BPRO","Burst Protocol","674754","Elfnote Seraphim Strelitzia (Starlight Rare)","BPRO-EN040","Starlight Rare","","https://tcgplayer-cdn.tcgplayer.com/product/674754_200w.jpg","NM","0","32.28","1"
"YUGIOH","BPRO","Burst Protocol","674741","Ecclesia and the Dark Dragon","BPRO-EN041","Secret Rare","","https://tcgplayer-cdn.tcgplayer.com/product/674741_200w.jpg","NM","0","59.32","1"
"YUGIOH","BPRO","Burst Protocol","674752","Ecclesia and the Dark Dragon (Starlight Rare)","BPRO-EN041","Starlight Rare","","https://tcgplayer-cdn.tcgplayer.com/product/674752_200w.jpg","NM","0","138.6","1"
"YUGIOH","BPRO","Burst Protocol","674792","Zalen the Shackled Dragon","BPRO-EN042","Super Rare","","https://tcgplayer-cdn.tcgplayer.com/product/674792_200w.jpg","NM","0","1.57","1"
"YUGIOH","BPRO","Burst Protocol","674799","K9-X ""Ripper/M""","BPRO-EN043","Ultra Rare","","https://tcgplayer-cdn.tcgplayer.com/product/674799_200w.jpg","NM","0","0.76","1"
"YUGIOH","BPRO","Burst Protocol","674760","K9-X ""Ripper/M"" (Starlight Rare)","BPRO-EN043","Starlight Rare","","https://tcgplayer-cdn.tcgplayer.com/product/674760_200w.jpg","NM","0","13.44","1"
"YUGIOH","BPRO","Burst Protocol","674797","Exosister Karmael","BPRO-EN044","Ultra Rare","","https://tcgplayer-cdn.tcgplayer.com/product/674797_200w.jpg","NM","0","3.42","1"
"YUGIOH","BPRO","Burst Protocol","674756","Exosister Karmael (Starlight Rare)","BPRO-EN044","Starlight Rare","","https://tcgplayer-cdn.tcgplayer.com/product/674756_200w.jpg","NM","0","51.19","1"
"YUGIOH","BPRO","Burst Protocol","675330","Gung-Ho! Springans!","BPRO-EN045","Common","","https://tcgplayer-cdn.tcgplayer.com/product/675330_200w.jpg","NM","0","0.09","1"
"YUGIOH","BPRO","Burst Protocol","674747","Topologic Blaster Dragon","BPRO-EN046","Secret Rare","","https://tcgplayer-cdn.tcgplayer.com/product/674747_200w.jpg","NM","0","1.28","1"
"YUGIOH","BPRO","Burst Protocol","674767","Topologic Blaster Dragon (Starlight Rare)","BPRO-EN046","Starlight Rare","","https://tcgplayer-cdn.tcgplayer.com/product/674767_200w.jpg","NM","0","9.24","1"
"YUGIOH","BPRO","Burst Protocol","674794","Borrelshroud Dragon","BPRO-EN047","Ultra Rare","","https://tcgplayer-cdn.tcgplayer.com/product/674794_200w.jpg","NM","0","0.77","1"
"YUGIOH","BPRO","Burst Protocol","674750","Borrelshroud Dragon (Starlight Rare)","BPRO-EN047","Starlight Rare","","https://tcgplayer-cdn.tcgplayer.com/product/674750_200w.jpg","NM","0","16.49","1"
"YUGIOH","BPRO","Burst Protocol","674791","Trisborrel Dragon","BPRO-EN048","Super Rare","","https://tcgplayer-cdn.tcgplayer.com/product/674791_200w.jpg","NM","0","0.27","1"
"YUGIOH","BPRO","Burst Protocol","675333","Radiant Typhoon Varuroon, the Marine Eidolon","BPRO-EN049","Ultra Rare","","https://tcgplayer-cdn.tcgplayer.com/product/675333_200w.jpg","NM","0","2.04","1"
"YUGIOH","BPRO","Burst Protocol","675334","Radiant Typhoon Varuroon, the Marine Eidolon (Starlight Rare)","BPRO-EN049","Starlight Rare","","https://tcgplayer-cdn.tcgplayer.com/product/675334_200w.jpg","NM","0","34.42","1"
"YUGIOH","BPRO","Burst Protocol","674724","Keel, Shipwright Fur Hire","BPRO-EN050","Common","","https://tcgplayer-cdn.tcgplayer.com/product/674724_200w.jpg","NM","0","0.18","1"
"YUGIOH","BPRO","Burst Protocol","674745","Rescue-ACE Arbitrator","BPRO-EN051","Secret Rare","","https://tcgplayer-cdn.tcgplayer.com/product/674745_200w.jpg","NM","0","0.73","1"
"YUGIOH","BPRO","Burst Protocol","674762","Rescue-ACE Arbitrator (Starlight Rare)","BPRO-EN051","Starlight Rare","","https://tcgplayer-cdn.tcgplayer.com/product/674762_200w.jpg","NM","0","8.27","1"
"YUGIOH","BPRO","Burst Protocol","674710","Double Interlock","BPRO-EN052","Common","","https://tcgplayer-cdn.tcgplayer.com/product/674710_200w.jpg","NM","0","0.15","1"
"YUGIOH","BPRO","Burst Protocol","674725","Magnet Bonding","BPRO-EN053","Common","","https://tcgplayer-cdn.tcgplayer.com/product/674725_200w.jpg","NM","0","0.23","1"
"YUGIOH","BPRO","Burst Protocol","674711","Duel Evolution - Assault Zone","BPRO-EN054","Common","","https://tcgplayer-cdn.tcgplayer.com/product/674711_200w.jpg","NM","0","0.19","1"
"YUGIOH","BPRO","Burst Protocol","675325","DoomZ Change","BPRO-EN055","Common","","https://tcgplayer-cdn.tcgplayer.com/product/675325_200w.jpg","NM","0","0.16","1"
"YUGIOH","BPRO","Burst Protocol","674778","Elfnotes: Welcome Home","BPRO-EN056","Super Rare","","https://tcgplayer-cdn.tcgplayer.com/product/674778_200w.jpg","NM","0","0.24","1"
"YUGIOH","BPRO","Burst Protocol","674713","Elfnotes: A Plea for Help","BPRO-EN057","Common","","https://tcgplayer-cdn.tcgplayer.com/product/674713_200w.jpg","NM","0","0.1","1"
"YUGIOH","BPRO","Burst Protocol","674736","Theorealize Liberation","BPRO-EN058","Common","","https://tcgplayer-cdn.tcgplayer.com/product/674736_200w.jpg","NM","0","0.13","1"
"YUGIOH","BPRO","Burst Protocol","675340","Throne of the Archfiends","BPRO-EN059","Common","","https://tcgplayer-cdn.tcgplayer.com/product/675340_200w.jpg","NM","0","0.18","1"
"YUGIOH","BPRO","Burst Protocol","675319","Archfiend Strategy","BPRO-EN060","Common","","https://tcgplayer-cdn.tcgplayer.com/product/675319_200w.jpg","NM","0","0.17","1"
"YUGIOH","BPRO","Burst Protocol","675328","Fandora, the Flying Fighting Furtress","BPRO-EN061","Common","","https://tcgplayer-cdn.tcgplayer.com/product/675328_200w.jpg","NM","0","0.19","1"
"YUGIOH","BPRO","Burst Protocol","675342","Whirlwind Fur Hire","BPRO-EN062","Common","","https://tcgplayer-cdn.tcgplayer.com/product/675342_200w.jpg","NM","0","0.22","1"
"YUGIOH","BPRO","Burst Protocol","674708","Darklord Dance","BPRO-EN063","Common","","https://tcgplayer-cdn.tcgplayer.com/product/674708_200w.jpg","NM","0","0.2","1"
"YUGIOH","BPRO","Burst Protocol","675332","Radiant Typhoon Ascendance","BPRO-EN065","Common","","https://tcgplayer-cdn.tcgplayer.com/product/675332_200w.jpg","NM","0","0.21","1"
"YUGIOH","BPRO","Burst Protocol","674779","Exosister Betrayal","BPRO-EN066","Super Rare","","https://tcgplayer-cdn.tcgplayer.com/product/674779_200w.jpg","NM","0","0.58","1"
"YUGIOH","BPRO","Burst Protocol","674744","Forbidden Crown","BPRO-EN067","Secret Rare","","https://tcgplayer-cdn.tcgplayer.com/product/674744_200w.jpg","NM","0","49.05","1"
"YUGIOH","BPRO","Burst Protocol","674758","Forbidden Crown (Starlight Rare)","BPRO-EN067","Starlight Rare","","https://tcgplayer-cdn.tcgplayer.com/product/674758_200w.jpg","NM","0","159.67","1"
"YUGIOH","BPRO","Burst Protocol","674787","Nightmare Hands","BPRO-EN068","Super Rare","","https://tcgplayer-cdn.tcgplayer.com/product/674787_200w.jpg","NM","0","0.24","1"
"YUGIOH","BPRO","Burst Protocol","674732","Riot's Reason","BPRO-EN069","Common","","https://tcgplayer-cdn.tcgplayer.com/product/674732_200w.jpg","NM","0","0.05","1"
"YUGIOH","BPRO","Burst Protocol","674771","Borrel Reboot","BPRO-EN070","Super Rare","","https://tcgplayer-cdn.tcgplayer.com/product/674771_200w.jpg","NM","0","0.24","1"
"YUGIOH","BPRO","Burst Protocol","674714","Elfnotes: Aristeia of Trust","BPRO-EN071","Common","","https://tcgplayer-cdn.tcgplayer.com/product/674714_200w.jpg","NM","0","0.1","1"
"YUGIOH","BPRO","Burst Protocol","674715","Elfnotes: Rhapsodia of Madness","BPRO-EN072","Common","","https://tcgplayer-cdn.tcgplayer.com/product/674715_200w.jpg","NM","0","0.2","1"
"YUGIOH","BPRO","Burst Protocol","675318","Archfiend Playtime","BPRO-EN073","Common","","https://tcgplayer-cdn.tcgplayer.com/product/675318_200w.jpg","NM","0","0.09","1"
"YUGIOH","BPRO","Burst Protocol","675320","Archfiend's Fervor","BPRO-EN074","Common","","https://tcgplayer-cdn.tcgplayer.com/product/675320_200w.jpg","NM","0","0.09","1"
"YUGIOH","BPRO","Burst Protocol","675329","Furtive Techniques Fur Hire, Fur All Your Ultimate Moves","BPRO-EN075","Common","","https://tcgplayer-cdn.tcgplayer.com/product/675329_200w.jpg","NM","0","0.19","1"
"YUGIOH","BPRO","Burst Protocol","674719","Forbidden Ritual Art","BPRO-EN077","Common","","https://tcgplayer-cdn.tcgplayer.com/product/674719_200w.jpg","NM","0","0.08","1"
"YUGIOH","BPRO","Burst Protocol","674703","Arsenal Audit","BPRO-EN078","Common","","https://tcgplayer-cdn.tcgplayer.com/product/674703_200w.jpg","NM","0","0.07","1"
"YUGIOH","BPRO","Burst Protocol","674737","Tip of the Tinying Tongue","BPRO-EN079","Common","","https://tcgplayer-cdn.tcgplayer.com/product/674737_200w.jpg","NM","0","0.13","1"
"YUGIOH","BPRO","Burst Protocol","675337","Shichi-Go-San","BPRO-EN080","Common","","https://tcgplayer-cdn.tcgplayer.com/product/675337_200w.jpg","NM","0","0.07","1"
"YUGIOH","BPRO","Burst Protocol","674728","Mechanical Mechanic","BPRO-EN081","Common","","https://tcgplayer-cdn.tcgplayer.com/product/674728_200w.jpg","NM","0","0.05","1"
"YUGIOH","BPRO","Burst Protocol","674784","Jade Dragon Mech","BPRO-EN082","Super Rare","","https://tcgplayer-cdn.tcgplayer.com/product/674784_200w.jpg","NM","0","0.16","1"
"YUGIOH","BPRO","Burst Protocol","674729","Mischief of the Wolves","BPRO-EN083","Common","","https://tcgplayer-cdn.tcgplayer.com/product/674729_200w.jpg","NM","0","0.17","1"
"YUGIOH","BPRO","Burst Protocol","674800","Mercurium the Living Quicksilver","BPRO-EN084","Ultra Rare","","https://tcgplayer-cdn.tcgplayer.com/product/674800_200w.jpg","NM","0","0.69","1"
"YUGIOH","BPRO","Burst Protocol","674761","Mercurium the Living Quicksilver (Starlight Rare)","BPRO-EN084","Starlight Rare","","https://tcgplayer-cdn.tcgplayer.com/product/674761_200w.jpg","NM","0","16.61","1"
"YUGIOH","BPRO","Burst Protocol","674739","Vodnika the Fountain Spirit","BPRO-EN085","Common","","https://tcgplayer-cdn.tcgplayer.com/product/674739_200w.jpg","NM","0","0.08","1"
"YUGIOH","BPRO","Burst Protocol","674731","Rain of Frogs","BPRO-EN086","Common","","https://tcgplayer-cdn.tcgplayer.com/product/674731_200w.jpg","NM","0","0.07","1"
"YUGIOH","BPRO","Burst Protocol","674718","Flux Ochsenfeld","BPRO-EN087","Common","","https://tcgplayer-cdn.tcgplayer.com/product/674718_200w.jpg","NM","0","0.17","1"
"YUGIOH","BPRO","Burst Protocol","674734","Shipping Archfiend","BPRO-EN088","Common","","https://tcgplayer-cdn.tcgplayer.com/product/674734_200w.jpg","NM","0","0.08","1"
"YUGIOH","BPRO","Burst Protocol","674735","Storm-Bane Dragon Destorbim","BPRO-EN089","Common","","https://tcgplayer-cdn.tcgplayer.com/product/674735_200w.jpg","NM","0","0.13","1"
"YUGIOH","BPRO","Burst Protocol","674782","GMX Researcher Selande","BPRO-EN090","Super Rare","","https://tcgplayer-cdn.tcgplayer.com/product/674782_200w.jpg","NM","0","0.25","1"
"YUGIOH","BPRO","Burst Protocol","674722","GMX Chairman Kimridge","BPRO-EN091","Common","","https://tcgplayer-cdn.tcgplayer.com/product/674722_200w.jpg","NM","0","0.17","1"
"YUGIOH","BPRO","Burst Protocol","674721","GMX Associate Noma","BPRO-EN092","Common","","https://tcgplayer-cdn.tcgplayer.com/product/674721_200w.jpg","NM","0","0.21","1"
"YUGIOH","BPRO","Burst Protocol","674788","Returned Dino Daneen","BPRO-EN093","Super Rare","","https://tcgplayer-cdn.tcgplayer.com/product/674788_200w.jpg","NM","0","0.26","1"
"YUGIOH","BPRO","Burst Protocol","674720","GMX - ALLOS","BPRO-EN094","Common","","https://tcgplayer-cdn.tcgplayer.com/product/674720_200w.jpg","NM","0","0.19","1"
"YUGIOH","BPRO","Burst Protocol","674780","GMX - VELOX","BPRO-EN095","Super Rare","","https://tcgplayer-cdn.tcgplayer.com/product/674780_200w.jpg","NM","0","0.25","1"
"YUGIOH","BPRO","Burst Protocol","674781","GMX Applied Experiment #55","BPRO-EN096","Super Rare","","https://tcgplayer-cdn.tcgplayer.com/product/674781_200w.jpg","NM","0","0.26","1"
"YUGIOH","BPRO","Burst Protocol","674730","Pesanta the Titan of Troubadours","BPRO-EN097","Common","","https://tcgplayer-cdn.tcgplayer.com/product/674730_200w.jpg","NM","0","0.07","1"
"YUGIOH","BPRO","Burst Protocol","674746","Spenta, the Magistus Sealer","BPRO-EN098","Secret Rare","","https://tcgplayer-cdn.tcgplayer.com/product/674746_200w.jpg","NM","0","20.31","1"
"YUGIOH","BPRO","Burst Protocol","674766","Spenta, the Magistus Sealer (Starlight Rare)","BPRO-EN098","Starlight Rare","","https://tcgplayer-cdn.tcgplayer.com/product/674766_200w.jpg","NM","0","48.36","1"
"YUGIOH","BPRO","Burst Protocol","674773","Conduction Warrior Linear Magnum Plus Minus","BPRO-EN099","Super Rare","","https://tcgplayer-cdn.tcgplayer.com/product/674773_200w.jpg","NM","0","2.51","1"
"YUGIOH","BPRO","Burst Protocol","674798","Invoked Magistus Omega","BPRO-EN100","Ultra Rare","","https://tcgplayer-cdn.tcgplayer.com/product/674798_200w.jpg","NM","0","0.68","1"
"YUGIOH","BPRO","Burst Protocol","674759","Invoked Magistus Omega (Starlight Rare)","BPRO-EN100","Starlight Rare","","https://tcgplayer-cdn.tcgplayer.com/product/674759_200w.jpg","NM","0","24.82","1"
"YUGIOH","BPRO","Burst Protocol","674769","Stardust Dragon/Assault Mode (Starlight Rare)","BPRO-EN101","Starlight Rare","","https://tcgplayer-cdn.tcgplayer.com/product/674769_200w.jpg","NM","0","39.51","1"
"YUGIOH","BPRO","Burst Protocol","675336","K9-X ""Ripper/M""","BPRO-ENSP1","Secret Rare","","https://tcgplayer-cdn.tcgplayer.com/product/675336_200w.jpg","NM","0","2.58","1"
"YUGIOH","BPRO","Burst Protocol","680670","Token: Yami Yugi & Magicians Combination","TKN4-EN037","Super Rare","","https://tcgplayer-cdn.tcgplayer.com/product/680670_200w.jpg","NM","0","8.65","1"
"YUGIOH","BPRO","Burst Protocol","680660","Token: Bastion & Water Dragon","TKN5-EN038","Super Rare","","https://tcgplayer-cdn.tcgplayer.com/product/680660_200w.jpg","NM","0","1.77","1"
"YUGIOH","BPRO","Burst Protocol","680661","Token: Carly & Fortune Fairy","TKN5-EN039","Super Rare","","https://tcgplayer-cdn.tcgplayer.com/product/680661_200w.jpg","NM","0","1.17","1"
"YUGIOH","BPRO","Burst Protocol","680663","Token: Vector & Number C104: Umbral Horror Masquerade","TKN5-EN040","Super Rare","","https://tcgplayer-cdn.tcgplayer.com/product/680663_200w.jpg","NM","0","1.17","1"
"YUGIOH","BPRO","Burst Protocol","680669","Token: Vartis & Borreload Dragon","TKN5-EN041","Rare","","https://tcgplayer-cdn.tcgplayer.com/product/680669_200w.jpg","NM","0","2.44","1"